date,anomaly_label,knowledge_score,diagnosis,risk_level
2020-12-31,0,0.0,normal,Watch
2021-01-01,0,0.0,normal,Normal
2021-01-02,0,0.0,normal,Normal
2021-01-03,0,0.0,normal,Normal
2021-01-04,0,0.0,normal,Normal
2021-01-05,0,0.0,normal,Normal
2021-01-06,0,0.0,normal,Normal
2021-01-07,0,0.0,normal,Normal
2021-01-08,0,0.0,normal,Normal
2021-01-09,0,0.0,normal,Normal
2021-01-10,0,0.0,normal,Normal
2021-01-11,0,0.0,normal,Normal
2021-01-12,0,0.0,normal,Normal
2021-01-13,0,0.0,normal,Watch
2021-01-14,0,0.0,normal,Watch
2021-01-15,0,0.0,normal,Watch
2021-01-16,0,0.0,normal,Watch
2021-01-17,0,0.0,normal,Watch
2021-01-18,0,0.0,normal,Watch
2021-01-19,0,0.0,normal,Watch
2021-01-20,0,0.0,normal,Watch
2021-01-21,0,0.0,normal,Watch
2021-01-22,0,0.0,normal,Watch
2021-01-23,0,0.0,normal,Watch
2021-01-24,0,0.0,normal,Watch
2021-01-25,0,0.0,normal,Watch
2021-01-26,0,0.0,normal,Normal
2021-01-27,0,0.0,normal,Watch
2021-01-28,0,0.0,normal,Normal
2021-01-29,0,0.0,normal,Watch
2021-01-30,0,0.4976834261843249,internal_erosion,Watch
2021-01-31,0,0.4647750096718429,thermal_cracking,Watch
2021-02-01,0,0.47873862745911366,thermal_cracking,Watch
2021-02-02,0,0.47997247341614274,thermal_cracking,Watch
2021-02-03,0,0.4673865386668112,thermal_cracking,Watch
2021-02-04,0,0.46436490286143245,thermal_cracking,Watch
2021-02-05,0,0.4302578893358285,thermal_cracking,Watch
2021-02-06,0,0.4101983865624029,thermal_cracking,Watch
2021-02-07,0,0.4145412827449807,thermal_cracking,Watch
2021-02-08,0,0.42599677443724604,thermal_cracking,Alert
2021-02-09,0,0.4592701624888254,thermal_cracking,Alert
2021-02-10,0,0.45561449683733996,thermal_cracking,Alert
2021-02-11,0,0.48074996431934713,thermal_cracking,Watch
2021-02-12,0,0.48044911569976634,thermal_cracking,Watch
2021-02-13,0,0.4639362852238957,thermal_cracking,Watch
2021-02-14,0,0.4509604214284268,thermal_cracking,Alert
2021-02-15,0,0.4885632070707281,thermal_cracking,Watch
2021-02-16,0,0.4319659414549079,thermal_cracking,Alert
2021-02-17,0,0.43001906945717855,thermal_cracking,Watch
2021-02-18,0,0.37631306892476357,thermal_cracking,Watch
2021-02-19,0,0.36800477669919635,thermal_cracking,Watch
2021-02-20,0,0.3384328245884002,thermal_cracking,Watch
2021-02-21,0,0.34506715509919955,thermal_cracking,Watch
2021-02-22,0,0.3788658618051463,thermal_cracking,Alert
2021-02-23,0,0.38029447907763914,thermal_cracking,Watch
2021-02-24,0,0.3905648277002253,thermal_cracking,Watch
2021-02-25,0,0.3422434452534585,thermal_cracking,Watch
2021-02-26,0,0.3093939346498717,thermal_cracking,Watch
2021-02-27,0,0.3210067864213158,thermal_cracking,Watch
2021-02-28,0,0.3133446839259895,thermal_cracking,Watch
2021-03-01,0,0.3071096659116687,thermal_cracking,Watch
2021-03-02,0,0.3280545998296947,thermal_cracking,Watch
2021-03-03,0,0.31759953762409987,thermal_cracking,Alert
2021-03-04,0,0.34071562354815793,thermal_cracking,Watch
2021-03-05,0,0.36292003038671783,thermal_cracking,Alert
2021-03-06,0,0.36761233420906825,thermal_cracking,Watch
2021-03-07,0,0.3634782682718256,thermal_cracking,Watch
2021-03-08,0,0.35065489506945896,thermal_cracking,Watch
2021-03-09,0,0.2967047202479198,thermal_cracking,Watch
2021-03-10,0,0.2964341018830165,thermal_cracking,Watch
2021-03-11,0,0.31572157478022783,thermal_cracking,Watch
2021-03-12,0,0.3294338462085109,thermal_cracking,Alert
2021-03-13,0,0.3140100933295247,thermal_cracking,Watch
2021-03-14,0,0.3663505046972109,thermal_cracking,Watch
2021-03-15,0,0.39067814721272454,thermal_cracking,Watch
2021-03-16,0,0.3322019882776505,thermal_cracking,Watch
2021-03-17,0,0.33167616966845576,thermal_cracking,Watch
2021-03-18,0,0.260037009619064,thermal_cracking,Watch
2021-03-19,0,0.2392899368521585,thermal_cracking,Watch
2021-03-20,0,0.2434674363575462,thermal_cracking,Alert
2021-03-21,0,0.2941263690767194,thermal_cracking,Watch
2021-03-22,0,0.2603275085605159,thermal_cracking,Alert
2021-03-23,0,0.31973657460955573,thermal_cracking,Watch
2021-03-24,0,0.24677785243311348,thermal_cracking,Watch
2021-03-25,0,0.2577023379293735,thermal_cracking,Watch
2021-03-26,0,0.28084249628194075,thermal_cracking,Alert
2021-03-27,0,0.24181855202993094,thermal_cracking,Watch
2021-03-28,0,0.2084442874023926,thermal_cracking,Alert
2021-03-29,0,0.21098843674878326,thermal_cracking,Watch
2021-03-30,0,0.19447779406336288,thermal_cracking,Watch
2021-03-31,0,0.1916423438335003,thermal_cracking,Alert
2021-04-01,0,0.16931752781163897,thermal_cracking,Watch
2021-04-02,0,0.1551738284885798,thermal_cracking,Watch
2021-04-03,0,0.18288781211667113,thermal_cracking,Watch
2021-04-04,0,0.1702822290711132,thermal_cracking,Watch
2021-04-05,0,0.13129682940625853,thermal_cracking,Alert
2021-04-06,0,0.1786342471308466,thermal_cracking,Alert
2021-04-07,0,0.17349665068147743,thermal_cracking,Alert
2021-04-08,0,0.15513335988170332,thermal_cracking,Watch
2021-04-09,0,0.13722750958590577,thermal_cracking,Watch
2021-04-10,1,0.14951518053622592,thermal_cracking,Alert
2021-04-11,1,0.14477470557304478,thermal_cracking,Alert
2021-04-12,1,0.11688919163215519,uplift_increase,Watch
2021-04-13,1,0.15438637658828103,uplift_increase,Alert
2021-04-14,1,0.24023081159678203,uplift_increase,Watch
2021-04-15,1,0.2764508727143041,uplift_increase,Alert
2021-04-16,1,0.3171977059437425,uplift_increase,Alert
2021-04-17,1,0.34610263856502765,uplift_increase,Alert
2021-04-18,1,0.3378342027197417,uplift_increase,Alert
2021-04-19,1,0.368514724749028,uplift_increase,Alert
2021-04-20,1,0.40317352560305625,uplift_increase,Emergency
2021-04-21,1,0.43803785499173237,uplift_increase,Alert
2021-04-22,1,0.5104586385824708,uplift_increase,Emergency
2021-04-23,1,0.5455939836431741,uplift_increase,Alert
2021-04-24,1,0.5587754941592147,uplift_increase,Alert
2021-04-25,1,0.579994065856624,uplift_increase,Alert
2021-04-26,1,0.5798312969167502,uplift_increase,Alert
2021-04-27,1,0.5842315956141794,uplift_increase,Alert
2021-04-28,1,0.6018179869679825,uplift_increase,Alert
2021-04-29,1,0.6121689792262242,uplift_increase,Emergency
2021-04-30,1,0.6141898690098246,uplift_increase,Alert
2021-05-01,1,0.6377894423586453,uplift_increase,Alert
2021-05-02,1,0.6213997170982065,uplift_increase,Emergency
2021-05-03,1,0.6323384593336288,uplift_increase,Emergency
2021-05-04,1,0.591998950026583,uplift_increase,Emergency
2021-05-05,1,0.5655816015662567,uplift_increase,Emergency
2021-05-06,1,0.5235392398393907,uplift_increase,Emergency
2021-05-07,1,0.5251444865922684,uplift_increase,Emergency
2021-05-08,1,0.47180992548911554,uplift_increase,Emergency
2021-05-09,1,0.4138841225677904,uplift_increase,Emergency
2021-05-10,1,0.4135310545433302,uplift_increase,Emergency
2021-05-11,1,0.4180420705127949,uplift_increase,Emergency
2021-05-12,1,0.4855727691873557,uplift_increase,Emergency
2021-05-13,1,0.5207734835069987,uplift_increase,Emergency
2021-05-14,1,0.5791005083001133,uplift_increase,Emergency
2021-05-15,1,0.5988721548229812,uplift_increase,Emergency
2021-05-16,1,0.6025763988785687,uplift_increase,Emergency
2021-05-17,1,0.665418669991862,uplift_increase,Emergency
2021-05-18,1,0.6711803302900669,uplift_increase,Emergency
2021-05-19,1,0.6812149179879529,uplift_increase,Emergency
2021-05-20,1,0.7011406219659175,uplift_increase,Emergency
2021-05-21,1,0.7672331928740872,uplift_increase,Emergency
2021-05-22,1,0.8334197400691372,uplift_increase,Emergency
2021-05-23,1,0.8508202089546795,uplift_increase,Emergency
2021-05-24,1,0.8840202267561525,uplift_increase,Emergency
2021-05-25,1,0.926240285507331,uplift_increase,Emergency
2021-05-26,1,0.9835111061429865,uplift_increase,Emergency
2021-05-27,1,1.0,uplift_increase,Emergency
2021-05-28,1,1.0,uplift_increase,Emergency
2021-05-29,1,1.0,uplift_increase,Emergency
2021-05-30,1,1.0,uplift_increase,Emergency
2021-05-31,1,1.0,uplift_increase,Emergency
2021-06-01,1,1.0,uplift_increase,Emergency
2021-06-02,1,1.0,uplift_increase,Emergency
2021-06-03,1,1.0,uplift_increase,Emergency
2021-06-04,1,1.0,uplift_increase,Emergency
2021-06-05,1,1.0,uplift_increase,Emergency
2021-06-06,1,1.0,uplift_increase,Emergency
2021-06-07,1,1.0,uplift_increase,Emergency
2021-06-08,1,1.0,uplift_increase,Emergency
2021-06-09,1,1.0,uplift_increase,Emergency
2021-06-10,1,1.0,uplift_increase,Emergency
2021-06-11,1,1.0,uplift_increase,Emergency
2021-06-12,1,1.0,uplift_increase,Emergency
2021-06-13,1,1.0,uplift_increase,Emergency
2021-06-14,1,1.0,uplift_increase,Emergency
2021-06-15,1,1.0,uplift_increase,Emergency
2021-06-16,1,1.0,uplift_increase,Emergency
2021-06-17,1,1.0,uplift_increase,Emergency
2021-06-18,1,1.0,uplift_increase,Emergency
2021-06-19,1,1.0,uplift_increase,Emergency
2021-06-20,1,1.0,uplift_increase,Emergency
2021-06-21,1,1.0,uplift_increase,Emergency
2021-06-22,1,1.0,uplift_increase,Emergency
2021-06-23,1,1.0,uplift_increase,Emergency
2021-06-24,1,1.0,uplift_increase,Emergency
2021-06-25,1,1.0,uplift_increase,Emergency
2021-06-26,1,1.0,uplift_increase,Emergency
2021-06-27,1,1.0,uplift_increase,Emergency
2021-06-28,1,1.0,uplift_increase,Emergency
2021-06-29,1,1.0,uplift_increase,Emergency
2021-06-30,1,1.0,uplift_increase,Emergency
2021-07-01,1,1.0,uplift_increase,Emergency
2021-07-02,1,1.0,uplift_increase,Emergency
2021-07-03,1,1.0,uplift_increase,Emergency
2021-07-04,1,1.0,uplift_increase,Emergency
2021-07-05,1,1.0,uplift_increase,Emergency
2021-07-06,1,1.0,uplift_increase,Emergency
2021-07-07,1,1.0,uplift_increase,Emergency
2021-07-08,1,1.0,uplift_increase,Emergency
2021-07-09,1,1.0,uplift_increase,Emergency
2021-07-10,1,0.979187131061605,uplift_increase,Emergency
2021-07-11,1,0.9308688986753814,uplift_increase,Emergency
2021-07-12,1,0.9160311110429077,uplift_increase,Emergency
2021-07-13,1,0.8614245235351667,uplift_increase,Emergency
2021-07-14,1,0.7687885806011691,uplift_increase,Emergency
2021-07-15,1,0.7192129357340715,uplift_increase,Emergency
2021-07-16,1,0.7435753393108019,uplift_increase,Emergency
2021-07-17,1,0.714054479059936,uplift_increase,Emergency
2021-07-18,1,0.7194094551004055,uplift_increase,Emergency
2021-07-19,1,0.6969609375373269,uplift_increase,Emergency
2021-07-20,1,0.625906876216793,uplift_increase,Emergency
2021-07-21,1,0.6055907891987651,uplift_increase,Emergency
2021-07-22,1,0.5781492768105102,uplift_increase,Emergency
2021-07-23,1,0.5937158463844037,uplift_increase,Emergency
2021-07-24,1,0.6013157081697674,uplift_increase,Emergency
2021-07-25,1,0.595546324165928,uplift_increase,Emergency
2021-07-26,1,0.5705851963300118,uplift_increase,Emergency
2021-07-27,1,0.5436783142935309,uplift_increase,Emergency
2021-07-28,1,0.5153997671720204,uplift_increase,Emergency
2021-07-29,1,0.511045275574464,uplift_increase,Emergency
2021-07-30,1,0.4917061594380111,uplift_increase,Emergency
2021-07-31,1,0.5082313302792265,thermal_cracking,Emergency
2021-08-01,1,0.5368594062066909,thermal_cracking,Emergency
2021-08-02,1,0.5195153371829572,thermal_cracking,Emergency
2021-08-03,1,0.5054204749080923,thermal_cracking,Emergency
2021-08-04,1,0.5030316531280351,thermal_cracking,Emergency
2021-08-05,1,0.43895112404804965,thermal_cracking,Emergency
2021-08-06,1,0.4257562738533533,uplift_increase,Emergency
2021-08-07,1,0.45763211027698936,thermal_cracking,Emergency
2021-08-08,1,0.4850394398337836,thermal_cracking,Emergency
2021-08-09,1,0.5031095619226548,thermal_cracking,Emergency
2021-08-10,1,0.5097223493901563,thermal_cracking,Emergency
2021-08-11,1,0.5024450503748564,thermal_cracking,Emergency
2021-08-12,1,0.4377335202427331,thermal_cracking,Emergency
2021-08-13,1,0.41589641100408054,thermal_cracking,Emergency
2021-08-14,1,0.3930034787493068,thermal_cracking,Emergency
2021-08-15,1,0.3833973077233725,thermal_cracking,Emergency
2021-08-16,1,0.38154573090060845,thermal_cracking,Emergency
2021-08-17,1,0.3984109919253304,thermal_cracking,Emergency
2021-08-18,1,0.36210109830171194,thermal_cracking,Emergency
2021-08-19,1,0.3461025076003143,thermal_cracking,Emergency
2021-08-20,1,0.34166708454170863,thermal_cracking,Emergency
2021-08-21,1,0.37847179985552537,thermal_cracking,Emergency
2021-08-22,1,0.38909414108259455,thermal_cracking,Emergency
2021-08-23,1,0.34529472035064934,thermal_cracking,Emergency
2021-08-24,1,0.361085797149922,thermal_cracking,Emergency
2021-08-25,1,0.36180274442843696,thermal_cracking,Emergency
2021-08-26,1,0.35964512454481956,thermal_cracking,Emergency
2021-08-27,1,0.38545127278548263,thermal_cracking,Emergency
2021-08-28,1,0.42573360703585444,internal_erosion,Emergency
2021-08-29,1,0.4318080302293912,thermal_cracking,Emergency
2021-08-30,1,0.42303278858538734,thermal_cracking,Emergency
2021-08-31,1,0.3950846984774785,thermal_cracking,Emergency
2021-09-01,1,0.3282428951833748,thermal_cracking,Emergency
2021-09-02,1,0.29144726880565486,thermal_cracking,Emergency
2021-09-03,1,0.3578765775872389,thermal_cracking,Emergency
2021-09-04,1,0.4041589577300251,thermal_cracking,Emergency
2021-09-05,1,0.4029369754933265,thermal_cracking,Emergency
2021-09-06,1,0.3911810766910561,thermal_cracking,Emergency
2021-09-07,1,0.39843568381332417,thermal_cracking,Emergency
2021-09-08,1,0.3181157010410911,thermal_cracking,Emergency
2021-09-09,1,0.3442173816092422,thermal_cracking,Emergency
2021-09-10,1,0.29014323540331977,thermal_cracking,Emergency
2021-09-11,1,0.2848066250043749,thermal_cracking,Emergency
2021-09-12,1,0.32905346149688885,thermal_cracking,Emergency
2021-09-13,1,0.37513508692934205,thermal_cracking,Emergency
2021-09-14,1,0.3422741398995101,thermal_cracking,Emergency
2021-09-15,1,0.3733299688940044,thermal_cracking,Emergency
2021-09-16,1,0.32533520014942313,thermal_cracking,Emergency
2021-09-17,1,0.2832888548435667,thermal_cracking,Emergency
2021-09-18,1,0.2999882505238941,thermal_cracking,Emergency
2021-09-19,1,0.25930706206817516,thermal_cracking,Emergency
2021-09-20,1,0.27441529015653454,thermal_cracking,Emergency
2021-09-21,1,0.24395761807882174,thermal_cracking,Alert
2021-09-22,1,0.23292640873427514,thermal_cracking,Alert
2021-09-23,1,0.26164985227690135,thermal_cracking,Emergency
2021-09-24,1,0.2444347597397482,thermal_cracking,Alert
2021-09-25,1,0.24410377622788657,thermal_cracking,Alert
2021-09-26,1,0.2686846274350298,thermal_cracking,Emergency
2021-09-27,1,0.27803871686869563,thermal_cracking,Emergency
2021-09-28,1,0.20912086546257566,thermal_cracking,Alert
2021-09-29,1,0.1860494260322891,thermal_cracking,Alert
2021-09-30,1,0.19009006595932237,thermal_cracking,Alert
2021-10-01,1,0.16938283757557096,thermal_cracking,Alert
2021-10-02,1,0.1249703119250636,thermal_cracking,Alert
2021-10-03,1,0.12623920067444755,thermal_cracking,Alert
2021-10-04,1,0.1043016466919097,thermal_cracking,Alert
2021-10-05,1,0.10333167111863069,thermal_cracking,Alert
2021-10-06,1,0.14663858685209194,thermal_cracking,Alert
2021-10-07,0,0.10131108926818433,thermal_cracking,Alert
2021-10-08,0,0.11759903549405974,thermal_cracking,Watch
2021-10-09,0,0.4805948076913071,internal_erosion,Alert
2021-10-10,0,0.8951985093514429,internal_erosion,Alert
2021-10-11,0,1.0,internal_erosion,Alert
2021-10-12,0,1.0,internal_erosion,Alert
2021-10-13,0,1.0,internal_erosion,Alert
2021-10-14,0,1.0,internal_erosion,Alert
2021-10-15,0,1.0,internal_erosion,Alert
2021-10-16,0,1.0,internal_erosion,Emergency
2021-10-17,0,1.0,internal_erosion,Alert
2021-10-18,0,1.0,internal_erosion,Alert
2021-10-19,0,1.0,internal_erosion,Alert
2021-10-20,0,1.0,internal_erosion,Alert
2021-10-21,0,1.0,internal_erosion,Alert
2021-10-22,0,1.0,internal_erosion,Alert
2021-10-23,0,1.0,internal_erosion,Alert
2021-10-24,0,1.0,internal_erosion,Alert
2021-10-25,0,1.0,internal_erosion,Alert
2021-10-26,0,1.0,internal_erosion,Alert
2021-10-27,0,1.0,internal_erosion,Alert
2021-10-28,0,1.0,internal_erosion,Alert
2021-10-29,0,1.0,internal_erosion,Alert
2021-10-30,0,1.0,internal_erosion,Alert
2021-10-31,0,1.0,internal_erosion,Alert
2021-11-01,0,1.0,internal_erosion,Alert
2021-11-02,0,1.0,internal_erosion,Alert
2021-11-03,0,1.0,internal_erosion,Alert
2021-11-04,0,1.0,internal_erosion,Alert
2021-11-05,0,1.0,internal_erosion,Alert
2021-11-06,0,1.0,internal_erosion,Alert
2021-11-07,0,1.0,internal_erosion,Alert
2021-11-08,0,1.0,internal_erosion,Alert
2021-11-09,0,1.0,internal_erosion,Watch
2021-11-10,0,1.0,internal_erosion,Alert
2021-11-11,0,1.0,internal_erosion,Alert
2021-11-12,0,1.0,internal_erosion,Alert
2021-11-13,0,1.0,internal_erosion,Watch
2021-11-14,0,1.0,internal_erosion,Alert
2021-11-15,0,1.0,internal_erosion,Alert
2021-11-16,0,1.0,internal_erosion,Watch
2021-11-17,0,1.0,internal_erosion,Watch
2021-11-18,0,1.0,internal_erosion,Watch
2021-11-19,0,1.0,internal_erosion,Watch
2021-11-20,0,1.0,internal_erosion,Alert
2021-11-21,0,1.0,internal_erosion,Alert
2021-11-22,0,1.0,internal_erosion,Emergency
2021-11-23,0,1.0,internal_erosion,Alert
2021-11-24,0,1.0,internal_erosion,Watch
2021-11-25,0,1.0,internal_erosion,Alert
2021-11-26,0,1.0,internal_erosion,Alert
2021-11-27,0,1.0,internal_erosion,Watch
2021-11-28,0,1.0,internal_erosion,Alert
2021-11-29,0,1.0,internal_erosion,Watch
2021-11-30,0,1.0,internal_erosion,Watch
2021-12-01,0,1.0,internal_erosion,Watch
2021-12-02,0,1.0,internal_erosion,Watch
2021-12-03,0,1.0,internal_erosion,Watch
2021-12-04,0,1.0,internal_erosion,Watch
2021-12-05,0,1.0,internal_erosion,Alert
2021-12-06,0,1.0,internal_erosion,Watch
2021-12-07,0,1.0,internal_erosion,Watch
2021-12-08,0,1.0,internal_erosion,Watch
2021-12-09,0,1.0,internal_erosion,Watch
2021-12-10,0,1.0,internal_erosion,Watch
2021-12-11,0,1.0,internal_erosion,Watch
2021-12-12,0,1.0,internal_erosion,Watch
2021-12-13,0,1.0,internal_erosion,Watch
2021-12-14,0,1.0,internal_erosion,Watch
2021-12-15,0,1.0,internal_erosion,Watch
2021-12-16,0,1.0,internal_erosion,Watch
2021-12-17,0,1.0,internal_erosion,Alert
2021-12-18,0,1.0,internal_erosion,Watch
2021-12-19,0,1.0,internal_erosion,Watch
2021-12-20,0,1.0,internal_erosion,Alert
2021-12-21,0,1.0,internal_erosion,Watch
2021-12-22,0,1.0,internal_erosion,Watch
2021-12-23,0,1.0,internal_erosion,Watch
2021-12-24,0,1.0,internal_erosion,Watch
2021-12-25,0,1.0,internal_erosion,Alert
2021-12-26,0,1.0,internal_erosion,Alert
2021-12-27,0,1.0,internal_erosion,Alert
2021-12-28,0,1.0,internal_erosion,Alert
2021-12-29,0,1.0,internal_erosion,Watch
2021-12-30,0,1.0,internal_erosion,Alert
2021-12-31,0,0.8957424990953977,internal_erosion,Alert
2022-01-01,0,0.8071161276062814,internal_erosion,Watch
2022-01-02,0,0.6774658920880927,internal_erosion,Watch
2022-01-03,0,0.8732628539951363,internal_erosion,Alert
2022-01-04,0,0.845802714055368,internal_erosion,Alert
2022-01-05,0,0.8707044605388148,internal_erosion,Alert
2022-01-06,0,0.98229505018023,internal_erosion,Alert
2022-01-07,0,0.8639298519666804,internal_erosion,Alert
2022-01-08,0,0.8584273913066391,internal_erosion,Alert
2022-01-09,0,0.7763087828859796,internal_erosion,Alert
2022-01-10,0,0.893842575243789,internal_erosion,Alert
2022-01-11,0,0.8996267045774765,internal_erosion,Alert
2022-01-12,0,1.0,internal_erosion,Alert
2022-01-13,0,1.0,internal_erosion,Alert
2022-01-14,0,0.9881251718884877,internal_erosion,Alert
2022-01-15,0,1.0,internal_erosion,Alert
2022-01-16,0,0.9701959173008112,internal_erosion,Alert
2022-01-17,0,1.0,internal_erosion,Alert
2022-01-18,0,0.9565935288551806,internal_erosion,Alert
2022-01-19,0,0.6727211703269049,internal_erosion,Alert
2022-01-20,0,0.6498088414602154,internal_erosion,Alert
2022-01-21,0,0.6490179973659714,internal_erosion,Alert
2022-01-22,0,0.5039851083170946,internal_erosion,Watch
2022-01-23,0,0.5012502547644608,thermal_cracking,Alert
2022-01-24,0,0.5114402055067814,thermal_cracking,Alert
2022-01-25,0,0.5817734258930193,internal_erosion,Watch
2022-01-26,0,0.6134072889942653,internal_erosion,Watch
2022-01-27,0,0.6004650186328432,internal_erosion,Watch
2022-01-28,0,0.5707519240488056,internal_erosion,Alert
2022-01-29,0,0.4745735789079773,internal_erosion,Watch
2022-01-30,0,0.48386915593041513,internal_erosion,Watch
2022-01-31,0,0.4291685788497509,thermal_cracking,Alert
2022-02-01,0,0.3963222255445376,thermal_cracking,Watch
2022-02-02,0,0.4009256588234267,thermal_cracking,Watch
2022-02-03,0,0.4122887377016984,internal_erosion,Watch
2022-02-04,2,0.39743491760418737,thermal_cracking,Watch
2022-02-05,2,0.399989859391543,thermal_cracking,Watch
2022-02-06,2,0.45318617134230443,thermal_cracking,Watch
2022-02-07,2,0.41854708200369145,thermal_cracking,Watch
2022-02-08,2,0.4322243042650368,thermal_cracking,Watch
2022-02-09,2,0.46924315648592646,thermal_cracking,Watch
2022-02-10,2,0.4692876935427495,thermal_cracking,Alert
2022-02-11,2,0.43189182655506936,thermal_cracking,Alert
2022-02-12,2,0.4257253289423778,thermal_cracking,Alert
2022-02-13,2,0.3663131459088915,thermal_cracking,Alert
2022-02-14,2,0.3398030889375197,thermal_cracking,Alert
2022-02-15,2,0.3305101265017948,thermal_cracking,Watch
2022-02-16,2,0.37892405399343,thermal_cracking,Alert
2022-02-17,2,0.3907971345688601,thermal_cracking,Alert
2022-02-18,2,0.43473849804517906,thermal_cracking,Alert
2022-02-19,2,0.40390772594747476,thermal_cracking,Alert
2022-02-20,2,0.39459520243897156,thermal_cracking,Alert
2022-02-21,2,0.36961589624602087,thermal_cracking,Alert
2022-02-22,2,0.35794327583045765,thermal_cracking,Alert
2022-02-23,2,0.35656038677744334,thermal_cracking,Alert
2022-02-24,2,0.3514532786501002,thermal_cracking,Alert
2022-02-25,2,0.4083787542322261,thermal_cracking,Alert
2022-02-26,2,0.4189295704142423,thermal_cracking,Alert
2022-02-27,2,0.4346842363158897,thermal_cracking,Alert
2022-02-28,2,0.4238054932809905,thermal_cracking,Alert
2022-03-01,2,0.428274686529976,thermal_cracking,Alert
2022-03-02,2,0.41387727749242786,thermal_cracking,Alert
2022-03-03,2,0.42374118776688935,thermal_cracking,Alert
2022-03-04,2,0.4107385331233117,thermal_cracking,Alert
2022-03-05,2,0.4384948923778805,thermal_cracking,Alert
2022-03-06,2,0.39854077576849,thermal_cracking,Alert
2022-03-07,2,0.3743967407721158,thermal_cracking,Alert
2022-03-08,2,0.42688201833487827,thermal_cracking,Alert
2022-03-09,2,0.4023035534955923,thermal_cracking,Alert
2022-03-10,2,0.4383530345942571,thermal_cracking,Alert
2022-03-11,2,0.35601548405581046,thermal_cracking,Alert
2022-03-12,2,0.29948434137352176,thermal_cracking,Alert
2022-03-13,2,0.29979158459327027,thermal_cracking,Alert
2022-03-14,2,0.30872944235430794,thermal_cracking,Alert
2022-03-15,2,0.307412375323378,thermal_cracking,Alert
2022-03-16,2,0.29759280123439485,differential_settlement,Alert
2022-03-17,2,0.30545506106040965,differential_settlement,Alert
2022-03-18,2,0.3164537031605101,differential_settlement,Alert
2022-03-19,2,0.3590903987032291,thermal_cracking,Emergency
2022-03-20,2,0.35008581046025644,thermal_cracking,Alert
2022-03-21,2,0.3967920110496442,thermal_cracking,Alert
2022-03-22,2,0.4527313887833051,thermal_cracking,Emergency
2022-03-23,2,0.3976505114963118,thermal_cracking,Alert
2022-03-24,2,0.36866258748056174,differential_settlement,Alert
2022-03-25,2,0.3774671735638237,differential_settlement,Alert
2022-03-26,2,0.3779923361941868,differential_settlement,Alert
2022-03-27,2,0.3799349731824464,differential_settlement,Emergency
2022-03-28,2,0.38757788860831155,differential_settlement,Emergency
2022-03-29,2,0.3847898292604301,differential_settlement,Emergency
2022-03-30,2,0.38912661230568596,differential_settlement,Emergency
2022-03-31,2,0.3951954513992957,differential_settlement,Emergency
2022-04-01,2,0.4094668740536245,differential_settlement,Emergency
2022-04-02,2,0.423619976918208,differential_settlement,Emergency
2022-04-03,2,0.44250112264474833,differential_settlement,Emergency
2022-04-04,2,0.4442782284738771,differential_settlement,Emergency
2022-04-05,2,0.44845304399024716,differential_settlement,Emergency
2022-04-06,2,0.4483358403698742,differential_settlement,Emergency
2022-04-07,2,0.4552408907323033,differential_settlement,Emergency
2022-04-08,2,0.46638339084057223,differential_settlement,Emergency
2022-04-09,2,0.4614939535899306,differential_settlement,Emergency
2022-04-10,2,0.4735380503924299,differential_settlement,Emergency
2022-04-11,2,0.47826456883421997,differential_settlement,Emergency
2022-04-12,2,0.4777666858782545,differential_settlement,Emergency
2022-04-13,2,0.48486733403544385,differential_settlement,Emergency
2022-04-14,2,0.493424070175784,differential_settlement,Emergency
2022-04-15,2,0.4934671065521246,differential_settlement,Emergency
2022-04-16,2,0.5014612071456024,differential_settlement,Emergency
2022-04-17,2,0.5120149922511013,differential_settlement,Emergency
2022-04-18,2,0.5196226238204242,differential_settlement,Emergency
2022-04-19,2,0.527130848418907,differential_settlement,Emergency
2022-04-20,2,0.5263853355293584,differential_settlement,Emergency
2022-04-21,2,0.5329412711901713,differential_settlement,Emergency
2022-04-22,2,0.5370048192784413,differential_settlement,Emergency
2022-04-23,2,0.550973487302812,differential_settlement,Emergency
2022-04-24,2,0.5593863802889715,differential_settlement,Emergency
2022-04-25,2,0.563263887406947,differential_settlement,Emergency
2022-04-26,2,0.5674449291938326,differential_settlement,Emergency
2022-04-27,2,0.5642742665071472,differential_settlement,Emergency
2022-04-28,2,0.5625721627166851,differential_settlement,Emergency
2022-04-29,2,0.5747391361965379,differential_settlement,Emergency
2022-04-30,2,0.5881256027602958,differential_settlement,Emergency
2022-05-01,2,0.5943004122722033,differential_settlement,Emergency
2022-05-02,2,0.5985826036454363,differential_settlement,Emergency
2022-05-03,2,0.6133395685499428,differential_settlement,Emergency
2022-05-04,2,0.6208414024018096,differential_settlement,Emergency
2022-05-05,2,0.6281403088817658,differential_settlement,Emergency
2022-05-06,2,0.6330455671163552,differential_settlement,Emergency
2022-05-07,2,0.6480518974653741,differential_settlement,Emergency
2022-05-08,2,0.6510081306473685,differential_settlement,Emergency
2022-05-09,2,0.6575299517029006,differential_settlement,Emergency
2022-05-10,2,0.6636515991497912,differential_settlement,Emergency
2022-05-11,2,0.6710318630824125,differential_settlement,Emergency
2022-05-12,2,0.6643246964250029,differential_settlement,Emergency
2022-05-13,2,0.6646228167779356,differential_settlement,Emergency
2022-05-14,2,0.6689040651808177,differential_settlement,Emergency
2022-05-15,2,0.6774084400898158,differential_settlement,Emergency
2022-05-16,2,0.6805010090211279,differential_settlement,Emergency
2022-05-17,2,0.6822006285235419,differential_settlement,Emergency
2022-05-18,2,0.6875646586045921,differential_settlement,Emergency
2022-05-19,2,0.6872819559872904,differential_settlement,Emergency
2022-05-20,2,0.6887882591396519,differential_settlement,Emergency
2022-05-21,2,0.6968281050337441,differential_settlement,Emergency
2022-05-22,2,0.6881650134383508,differential_settlement,Emergency
2022-05-23,2,0.6982232178630269,differential_settlement,Emergency
2022-05-24,2,0.6981473557865968,differential_settlement,Emergency
2022-05-25,2,0.7005584062358386,differential_settlement,Emergency
2022-05-26,2,0.711893316727247,differential_settlement,Emergency
2022-05-27,2,0.7071042756325494,differential_settlement,Emergency
2022-05-28,2,0.7049380851573397,differential_settlement,Emergency
2022-05-29,2,0.7136476836571992,differential_settlement,Emergency
2022-05-30,2,0.7291084591175031,differential_settlement,Emergency
2022-05-31,2,0.7339362615782755,differential_settlement,Emergency
2022-06-01,2,0.7280882416289894,differential_settlement,Emergency
2022-06-02,2,0.7272471037313145,differential_settlement,Emergency
2022-06-03,2,0.7391107362254195,differential_settlement,Emergency
2022-06-04,0,0.7424776907821036,differential_settlement,Alert
2022-06-05,0,0.3576492347391789,differential_settlement,Alert
2022-06-06,0,0.4235305514051276,thermal_cracking,Alert
2022-06-07,0,0.35764977064118075,thermal_cracking,Alert
2022-06-08,0,0.5064362166402266,differential_settlement,Alert
2022-06-09,0,0.7936581708285201,differential_settlement,Alert
2022-06-10,0,1.0,differential_settlement,Alert
2022-06-11,0,1.0,differential_settlement,Alert
2022-06-12,0,1.0,differential_settlement,Alert
2022-06-13,0,1.0,differential_settlement,Alert
2022-06-14,0,1.0,differential_settlement,Alert
2022-06-15,0,1.0,differential_settlement,Alert
2022-06-16,0,1.0,differential_settlement,Alert
2022-06-17,0,1.0,differential_settlement,Alert
2022-06-18,0,1.0,differential_settlement,Alert
2022-06-19,0,1.0,differential_settlement,Watch
2022-06-20,0,1.0,differential_settlement,Alert
2022-06-21,0,1.0,differential_settlement,Watch
2022-06-22,0,1.0,differential_settlement,Watch
2022-06-23,0,1.0,differential_settlement,Alert
2022-06-24,0,1.0,differential_settlement,Watch
2022-06-25,0,1.0,differential_settlement,Watch
2022-06-26,0,1.0,differential_settlement,Watch
2022-06-27,0,1.0,differential_settlement,Watch
2022-06-28,0,1.0,differential_settlement,Alert
2022-06-29,0,1.0,differential_settlement,Alert
2022-06-30,0,1.0,differential_settlement,Alert
2022-07-01,0,0.8682500323334539,differential_settlement,Alert
2022-07-02,0,0.5537817262391762,differential_settlement,Watch
2022-07-03,0,0.530660131782348,thermal_cracking,Watch
2022-07-04,0,0.5200542914349028,thermal_cracking,Watch
2022-07-05,0,0.5689137522177669,thermal_cracking,Watch
2022-07-06,0,0.5517132273829162,thermal_cracking,Alert
2022-07-07,0,0.5363501054707701,thermal_cracking,Alert
2022-07-08,0,0.5514908807266388,thermal_cracking,Watch
2022-07-09,0,0.5448055671480054,thermal_cracking,Watch
2022-07-10,0,0.505319701109764,thermal_cracking,Watch
2022-07-11,0,0.49799813153677824,thermal_cracking,Watch
2022-07-12,0,0.49420343037350634,thermal_cracking,Watch
2022-07-13,0,0.4917184004828219,thermal_cracking,Alert
2022-07-14,0,0.5098150632304155,thermal_cracking,Watch
2022-07-15,0,0.5018036136333317,thermal_cracking,Watch
2022-07-16,0,0.5094120144929879,thermal_cracking,Watch
2022-07-17,0,0.5064996633745253,thermal_cracking,Watch
2022-07-18,0,0.5115207450284072,thermal_cracking,Alert
2022-07-19,0,0.5030159252660538,thermal_cracking,Watch
2022-07-20,0,0.49190310271801185,thermal_cracking,Alert
2022-07-21,0,0.4260823313358117,thermal_cracking,Watch
2022-07-22,0,0.4432218066137278,thermal_cracking,Watch
2022-07-23,0,0.4571475169588441,thermal_cracking,Watch
2022-07-24,0,0.45114356171223796,thermal_cracking,Alert
2022-07-25,0,0.47425388266954827,thermal_cracking,Watch
2022-07-26,0,0.48005201306798306,thermal_cracking,Alert
2022-07-27,0,0.43087162345398183,thermal_cracking,Alert
2022-07-28,0,0.4509985538413984,thermal_cracking,Watch
2022-07-29,0,0.4614054069141043,thermal_cracking,Watch
2022-07-30,0,0.45710528510918896,thermal_cracking,Watch
2022-07-31,0,0.44603831794162674,thermal_cracking,Watch
2022-08-01,0,0.44797488232854804,thermal_cracking,Watch
2022-08-02,0,0.463687421142218,thermal_cracking,Watch
2022-08-03,0,0.5125164969739506,thermal_cracking,Alert
2022-08-04,0,0.4980126435453325,thermal_cracking,Watch
2022-08-05,0,0.4824470013761631,thermal_cracking,Watch
2022-08-06,0,0.46936571850467806,thermal_cracking,Watch
2022-08-07,0,0.45444684213171865,thermal_cracking,Watch
2022-08-08,0,0.46042336726347044,thermal_cracking,Watch
2022-08-09,0,0.4395768706424724,thermal_cracking,Watch
2022-08-10,0,0.4392573154958374,thermal_cracking,Watch
2022-08-11,0,0.411503711858253,thermal_cracking,Watch
2022-08-12,0,0.41193592079096236,thermal_cracking,Alert
2022-08-13,0,0.4435979342043172,thermal_cracking,Watch
2022-08-14,0,0.4154165911350422,thermal_cracking,Watch
2022-08-15,0,0.43108876407195496,thermal_cracking,Watch
2022-08-16,0,0.4328448466015777,thermal_cracking,Watch
2022-08-17,0,0.4098638016832693,thermal_cracking,Watch
2022-08-18,0,0.39496987275714734,thermal_cracking,Watch
2022-08-19,0,0.4126186396812036,thermal_cracking,Watch
2022-08-20,0,0.3992202664105236,thermal_cracking,Watch
2022-08-21,0,0.41379629227380593,thermal_cracking,Alert
2022-08-22,0,0.43706999291973353,thermal_cracking,Watch
2022-08-23,3,0.41844634026303335,thermal_cracking,Alert
2022-08-24,3,0.585208165869504,thermal_cracking,Alert
2022-08-25,3,0.7252108586778968,thermal_cracking,Alert
2022-08-26,3,0.6435159166849109,thermal_cracking,Alert
2022-08-27,3,0.6595040132315925,thermal_cracking,Alert
2022-08-28,3,0.8382304520612417,thermal_cracking,Alert
2022-08-29,3,0.7759865873756797,thermal_cracking,Alert
2022-08-30,3,0.7307002031372051,thermal_cracking,Alert
2022-08-31,3,0.6705772515775389,thermal_cracking,Alert
2022-09-01,3,0.6047924852499587,thermal_cracking,Alert
2022-09-02,3,0.5334207528957001,thermal_cracking,Alert
2022-09-03,3,0.6030331319262916,thermal_cracking,Alert
2022-09-04,3,0.5886525823305192,thermal_cracking,Alert
2022-09-05,3,0.6205890664894278,thermal_cracking,Alert
2022-09-06,3,0.6047738878006114,thermal_cracking,Alert
2022-09-07,3,0.5641057459798933,thermal_cracking,Alert
2022-09-08,3,0.5371263220376139,thermal_cracking,Alert
2022-09-09,3,0.4908235214177188,thermal_cracking,Alert
2022-09-10,3,0.5072281759307213,thermal_cracking,Alert
2022-09-11,3,0.4839773062336894,thermal_cracking,Alert
2022-09-12,3,0.5142424063933289,thermal_cracking,Alert
2022-09-13,3,0.4110765063515839,thermal_cracking,Watch
2022-09-14,3,0.33582628167436324,thermal_cracking,Alert
2022-09-15,3,0.2875595901939548,thermal_cracking,Watch
2022-09-16,3,0.40153689276340737,internal_erosion,Watch
2022-09-17,3,0.3690371105426567,thermal_cracking,Alert
2022-09-18,3,0.4416750924070045,thermal_cracking,Alert
2022-09-19,3,0.4624431586920252,thermal_cracking,Alert
2022-09-20,3,0.4847193122169027,thermal_cracking,Alert
2022-09-21,3,0.5998842711507333,thermal_cracking,Alert
2022-09-22,3,0.6219510933683626,thermal_cracking,Alert
2022-09-23,3,0.6041313282482951,thermal_cracking,Alert
2022-09-24,3,0.5842647006509839,thermal_cracking,Alert
2022-09-25,3,0.5751411964904923,thermal_cracking,Alert
2022-09-26,3,0.5460634930713434,thermal_cracking,Alert
2022-09-27,3,0.5242213527937291,thermal_cracking,Alert
2022-09-28,3,0.4947963293050914,thermal_cracking,Alert
2022-09-29,3,0.5055881695068967,thermal_cracking,Alert
2022-09-30,3,0.5560252433829803,thermal_cracking,Alert
2022-10-01,3,0.5211580017724053,thermal_cracking,Alert
2022-10-02,3,0.49981410393864634,thermal_cracking,Alert
2022-10-03,3,0.5189774036296563,thermal_cracking,Watch
2022-10-04,3,0.541746630370296,thermal_cracking,Alert
2022-10-05,3,0.547178068270661,thermal_cracking,Alert
2022-10-06,3,0.5071946692955211,thermal_cracking,Alert
2022-10-07,3,0.5307290246975377,thermal_cracking,Alert
2022-10-08,3,0.456967638149208,thermal_cracking,Alert
2022-10-09,3,0.48072879100196825,thermal_cracking,Alert
2022-10-10,3,0.46559399614034186,thermal_cracking,Alert
2022-10-11,3,0.43249028116682164,thermal_cracking,Alert
2022-10-12,3,0.39399077115449943,thermal_cracking,Watch
2022-10-13,3,0.4359307891645495,thermal_cracking,Alert
2022-10-14,3,0.38459981396608645,thermal_cracking,Alert
2022-10-15,3,0.35278456814378717,thermal_cracking,Alert
2022-10-16,3,0.4065481524551353,internal_erosion,Alert
2022-10-17,3,0.3095334381989453,internal_erosion,Watch
2022-10-18,3,0.2535394513543864,thermal_cracking,Alert
2022-10-19,3,0.3077116988097957,thermal_cracking,Alert
2022-10-20,3,0.3199478617261596,thermal_cracking,Alert
2022-10-21,3,0.317133525428536,thermal_cracking,Alert
2022-10-22,0,0.26687647527251307,thermal_cracking,Watch
2022-10-23,0,0.477941022664064,thermal_cracking,Alert
2022-10-24,0,0.5851033265454737,thermal_cracking,Alert
2022-10-25,0,0.6876480992625951,thermal_cracking,Alert
2022-10-26,0,0.7890836365966608,thermal_cracking,Alert
2022-10-27,0,0.859209260109681,thermal_cracking,Alert
2022-10-28,0,0.816070840621996,thermal_cracking,Alert
2022-10-29,0,0.7666217365850804,thermal_cracking,Alert
2022-10-30,0,0.8552817528625067,internal_erosion,Alert
2022-10-31,0,0.9181446102937884,internal_erosion,Alert
2022-11-01,0,1.0,internal_erosion,Alert
2022-11-02,0,0.9369048654487893,internal_erosion,Alert
2022-11-03,0,1.0,internal_erosion,Alert
2022-11-04,0,1.0,internal_erosion,Alert
2022-11-05,0,1.0,internal_erosion,Alert
2022-11-06,0,1.0,internal_erosion,Alert
2022-11-07,0,1.0,internal_erosion,Watch
2022-11-08,0,1.0,internal_erosion,Alert
2022-11-09,0,1.0,internal_erosion,Watch
2022-11-10,0,1.0,internal_erosion,Alert
2022-11-11,0,1.0,internal_erosion,Alert
2022-11-12,0,1.0,internal_erosion,Watch
2022-11-13,0,1.0,internal_erosion,Watch
2022-11-14,0,1.0,internal_erosion,Watch
2022-11-15,0,1.0,internal_erosion,Alert
2022-11-16,0,1.0,internal_erosion,Watch
2022-11-17,0,1.0,internal_erosion,Alert
2022-11-18,0,1.0,internal_erosion,Watch
2022-11-19,0,1.0,internal_erosion,Watch
2022-11-20,0,1.0,internal_erosion,Watch
2022-11-21,0,1.0,internal_erosion,Watch
2022-11-22,0,1.0,internal_erosion,Watch
2022-11-23,0,1.0,internal_erosion,Watch
2022-11-24,0,1.0,internal_erosion,Watch
2022-11-25,0,1.0,internal_erosion,Watch
2022-11-26,0,1.0,internal_erosion,Watch
2022-11-27,0,1.0,internal_erosion,Watch
2022-11-28,0,1.0,internal_erosion,Watch
2022-11-29,0,1.0,internal_erosion,Watch
2022-11-30,0,1.0,internal_erosion,Watch
2022-12-01,0,1.0,internal_erosion,Watch
2022-12-02,0,1.0,internal_erosion,Watch
2022-12-03,0,1.0,internal_erosion,Watch
2022-12-04,0,1.0,internal_erosion,Watch
2022-12-05,0,1.0,internal_erosion,Watch
2022-12-06,0,1.0,internal_erosion,Alert
2022-12-07,0,1.0,internal_erosion,Watch
2022-12-08,0,1.0,internal_erosion,Watch
2022-12-09,0,1.0,internal_erosion,Alert
2022-12-10,0,1.0,internal_erosion,Watch
2022-12-11,0,1.0,internal_erosion,Alert
2022-12-12,0,1.0,internal_erosion,Watch
2022-12-13,0,1.0,internal_erosion,Alert
2022-12-14,0,1.0,internal_erosion,Watch
2022-12-15,0,1.0,internal_erosion,Alert
2022-12-16,0,1.0,internal_erosion,Alert
2022-12-17,0,1.0,internal_erosion,Alert
2022-12-18,0,1.0,internal_erosion,Alert
2022-12-19,0,1.0,internal_erosion,Watch
2022-12-20,0,1.0,internal_erosion,Watch
2022-12-21,0,1.0,internal_erosion,Watch
2022-12-22,0,1.0,internal_erosion,Alert
2022-12-23,0,1.0,internal_erosion,Alert
2022-12-24,0,1.0,internal_erosion,Watch
2022-12-25,0,0.9101170321245673,internal_erosion,Watch
2022-12-26,0,0.9414014828133617,internal_erosion,Watch
2022-12-27,0,0.9419669416867695,internal_erosion,Watch
2022-12-28,0,0.9427591052878103,internal_erosion,Watch
2022-12-29,0,0.9730915920852748,internal_erosion,Watch
2022-12-30,0,1.0,internal_erosion,Alert
2022-12-31,0,0.7828453598764828,internal_erosion,Alert
2023-01-01,0,0.7548590513107826,internal_erosion,Alert
2023-01-02,0,0.670532043486269,internal_erosion,Watch
2023-01-03,0,0.8938978139728998,internal_erosion,Alert
2023-01-04,0,0.9510580474729217,internal_erosion,Alert
2023-01-05,0,1.0,internal_erosion,Alert
2023-01-06,0,0.9259060364244249,internal_erosion,Alert
2023-01-07,0,0.8784900815543798,internal_erosion,Emergency
2023-01-08,0,0.8977647185287592,internal_erosion,Alert
2023-01-09,0,0.9778050700904347,internal_erosion,Alert
2023-01-10,0,1.0,internal_erosion,Alert
2023-01-11,0,1.0,internal_erosion,Alert
2023-01-12,0,0.9675573865058907,internal_erosion,Alert
2023-01-13,0,0.87759356979536,internal_erosion,Alert
2023-01-14,0,1.0,internal_erosion,Alert
2023-01-15,0,1.0,internal_erosion,Alert
2023-01-16,0,0.8298681555584527,internal_erosion,Alert
2023-01-17,0,0.8161235015453818,internal_erosion,Alert
2023-01-18,0,1.0,internal_erosion,Alert
2023-01-19,0,1.0,internal_erosion,Alert
2023-01-20,4,1.0,internal_erosion,Watch
2023-01-21,4,1.0,internal_erosion,Alert
2023-01-22,4,0.9784134932130992,internal_erosion,Emergency
2023-01-23,4,0.5789634164464622,internal_erosion,Alert
2023-01-24,4,0.4673887896083753,thermal_cracking,Alert
2023-01-25,4,0.4532475737611267,thermal_cracking,Alert
2023-01-26,4,0.44506666381080173,thermal_cracking,Alert
2023-01-27,4,0.4691876146712252,thermal_cracking,Emergency
2023-01-28,4,0.44140446266796496,thermal_cracking,Emergency
2023-01-29,4,0.4746875730818768,thermal_cracking,Emergency
2023-01-30,4,0.8802901377637893,uplift_increase,Emergency
2023-01-31,4,1.0,uplift_increase,Emergency
2023-02-01,4,1.0,uplift_increase,Emergency
2023-02-02,4,1.0,uplift_increase,Emergency
2023-02-03,4,1.0,uplift_increase,Emergency
2023-02-04,4,1.0,uplift_increase,Emergency
2023-02-05,4,1.0,uplift_increase,Emergency
2023-02-06,4,1.0,uplift_increase,Emergency
2023-02-07,4,1.0,uplift_increase,Emergency
2023-02-08,4,1.0,uplift_increase,Emergency
2023-02-09,4,1.0,uplift_increase,Emergency
2023-02-10,4,1.0,uplift_increase,Emergency
2023-02-11,4,1.0,uplift_increase,Emergency
2023-02-12,4,1.0,uplift_increase,Emergency
2023-02-13,4,1.0,uplift_increase,Emergency
2023-02-14,4,1.0,uplift_increase,Emergency
2023-02-15,4,1.0,uplift_increase,Emergency
2023-02-16,4,1.0,uplift_increase,Emergency
2023-02-17,4,1.0,uplift_increase,Emergency
2023-02-18,4,1.0,uplift_increase,Emergency
2023-02-19,4,1.0,uplift_increase,Emergency
2023-02-20,4,1.0,uplift_increase,Emergency
2023-02-21,4,1.0,uplift_increase,Emergency
2023-02-22,4,1.0,uplift_increase,Emergency
2023-02-23,4,1.0,uplift_increase,Emergency
2023-02-24,4,1.0,uplift_increase,Emergency
2023-02-25,4,1.0,uplift_increase,Emergency
2023-02-26,4,1.0,uplift_increase,Emergency
2023-02-27,4,1.0,uplift_increase,Emergency
2023-02-28,4,1.0,uplift_increase,Emergency
2023-03-01,4,1.0,uplift_increase,Emergency
2023-03-02,4,1.0,uplift_increase,Emergency
2023-03-03,4,1.0,uplift_increase,Emergency
2023-03-04,4,1.0,uplift_increase,Emergency
2023-03-05,4,1.0,uplift_increase,Emergency
2023-03-06,4,1.0,uplift_increase,Emergency
2023-03-07,4,1.0,uplift_increase,Emergency
2023-03-08,4,1.0,uplift_increase,Emergency
2023-03-09,4,1.0,uplift_increase,Emergency
2023-03-10,4,1.0,uplift_increase,Emergency
2023-03-11,4,1.0,uplift_increase,Emergency
2023-03-12,4,1.0,uplift_increase,Emergency
2023-03-13,4,1.0,uplift_increase,Emergency
2023-03-14,4,1.0,uplift_increase,Emergency
2023-03-15,4,1.0,uplift_increase,Emergency
2023-03-16,4,1.0,uplift_increase,Emergency
2023-03-17,4,1.0,uplift_increase,Emergency
2023-03-18,4,1.0,uplift_increase,Emergency
2023-03-19,4,1.0,uplift_increase,Emergency
2023-03-20,4,1.0,uplift_increase,Emergency
2023-03-21,4,1.0,uplift_increase,Emergency
2023-03-22,4,0.967178180927901,uplift_increase,Emergency
2023-03-23,4,0.9284806795463372,uplift_increase,Emergency
2023-03-24,4,0.9063889547406367,uplift_increase,Emergency
2023-03-25,4,0.8388915599735358,uplift_increase,Emergency
2023-03-26,4,0.7795923649767234,uplift_increase,Emergency
2023-03-27,4,0.7420498631839573,uplift_increase,Emergency
2023-03-28,4,0.6975023451438987,uplift_increase,Emergency
2023-03-29,4,0.675179335964403,uplift_increase,Emergency
2023-03-30,4,0.627789420541075,uplift_increase,Emergency
2023-03-31,4,0.6210325765210659,uplift_increase,Emergency
2023-04-01,4,0.6202838375936481,uplift_increase,Emergency
2023-04-02,4,0.6115648550568248,uplift_increase,Emergency
2023-04-03,4,0.5923252328818063,uplift_increase,Emergency
2023-04-04,4,0.5472049264519079,uplift_increase,Emergency
2023-04-05,4,0.5445774721661192,uplift_increase,Emergency
2023-04-06,4,0.5198025333738567,uplift_increase,Emergency
2023-04-07,4,0.4895713631537641,uplift_increase,Emergency
2023-04-08,4,0.5029276363300301,uplift_increase,Emergency
2023-04-09,4,0.4836101114561386,uplift_increase,Emergency
2023-04-10,4,0.48242306378580047,uplift_increase,Emergency
2023-04-11,4,0.4583136892606743,uplift_increase,Emergency
2023-04-12,4,0.49755298906222273,uplift_increase,Emergency
2023-04-13,4,0.46221338127080747,uplift_increase,Emergency
2023-04-14,4,0.448506354774181,uplift_increase,Emergency
2023-04-15,4,0.39883383311791665,uplift_increase,Emergency
2023-04-16,4,0.37863850182368103,uplift_increase,Emergency
2023-04-17,4,0.3486974143766417,uplift_increase,Emergency
2023-04-18,4,0.389468791943788,uplift_increase,Emergency
2023-04-19,4,0.3833628574813887,uplift_increase,Emergency
2023-04-20,0,0.359484528919901,uplift_increase,Alert
2023-04-21,0,0.07435714684635938,differential_settlement,Alert
2023-04-22,0,1.0,internal_erosion,Emergency
2023-04-23,0,1.0,internal_erosion,Alert
2023-04-24,0,1.0,internal_erosion,Emergency
2023-04-25,0,1.0,internal_erosion,Alert
2023-04-26,0,1.0,internal_erosion,Alert
2023-04-27,0,1.0,internal_erosion,Alert
2023-04-28,0,1.0,internal_erosion,Alert
2023-04-29,0,1.0,internal_erosion,Alert
2023-04-30,0,1.0,internal_erosion,Alert
2023-05-01,0,1.0,internal_erosion,Alert
2023-05-02,0,1.0,internal_erosion,Alert
2023-05-03,0,1.0,internal_erosion,Alert
2023-05-04,0,1.0,internal_erosion,Alert
2023-05-05,0,1.0,internal_erosion,Alert
2023-05-06,0,1.0,internal_erosion,Alert
2023-05-07,0,1.0,internal_erosion,Alert
2023-05-08,0,1.0,internal_erosion,Alert
2023-05-09,0,1.0,internal_erosion,Alert
2023-05-10,0,1.0,internal_erosion,Alert
2023-05-11,0,1.0,internal_erosion,Alert
2023-05-12,0,1.0,internal_erosion,Alert
2023-05-13,0,1.0,internal_erosion,Alert
2023-05-14,0,1.0,internal_erosion,Alert
2023-05-15,0,1.0,internal_erosion,Alert
2023-05-16,0,1.0,internal_erosion,Alert
2023-05-17,0,1.0,internal_erosion,Alert
2023-05-18,0,1.0,internal_erosion,Alert
2023-05-19,0,0.31258810331565695,thermal_cracking,Watch
2023-05-20,0,0.1613472438803177,thermal_cracking,Watch
2023-05-21,0,0.1189951667794473,thermal_cracking,Watch
2023-05-22,0,0.15524303467527445,thermal_cracking,Watch
2023-05-23,0,0.14484448416514617,thermal_cracking,Watch
2023-05-24,0,0.16135781568524926,thermal_cracking,Watch
2023-05-25,0,0.17852928776312627,thermal_cracking,Watch
2023-05-26,0,0.24079406098675163,thermal_cracking,Watch
2023-05-27,0,0.31405175258404877,thermal_cracking,Watch
2023-05-28,0,0.2670623964528693,thermal_cracking,Watch
2023-05-29,0,0.3206618623564073,thermal_cracking,Watch
2023-05-30,0,0.30492729741268554,thermal_cracking,Watch
2023-05-31,0,0.3210616231368958,thermal_cracking,Watch
2023-06-01,0,0.31788902692245247,thermal_cracking,Watch
2023-06-02,0,0.32736861005700063,thermal_cracking,Watch
2023-06-03,0,0.3459835529991745,thermal_cracking,Watch
2023-06-04,0,0.35431955946838267,thermal_cracking,Watch
2023-06-05,0,0.3815514833580457,thermal_cracking,Watch
2023-06-06,0,0.4003288315556806,thermal_cracking,Watch
2023-06-07,0,0.40653602680604073,thermal_cracking,Alert
2023-06-08,0,0.4131179493371046,thermal_cracking,Watch
2023-06-09,0,0.47075318614340866,thermal_cracking,Watch
2023-06-10,0,0.4516830400070797,thermal_cracking,Watch
2023-06-11,0,0.46753490962035815,thermal_cracking,Watch
2023-06-12,0,0.4812319864380522,thermal_cracking,Watch
2023-06-13,0,0.5480271911531438,thermal_cracking,Watch
2023-06-14,0,0.4956613121904993,thermal_cracking,Watch
2023-06-15,0,0.5161934503090035,thermal_cracking,Watch
2023-06-16,0,0.5192163369270001,thermal_cracking,Watch
2023-06-17,0,0.47875239347802717,thermal_cracking,Watch
2023-06-18,0,0.45027449475214304,thermal_cracking,Watch
2023-06-19,0,0.47223413516697244,thermal_cracking,Watch
2023-06-20,0,0.4440511793991171,thermal_cracking,Watch
2023-06-21,0,0.4051187227937881,thermal_cracking,Watch
2023-06-22,0,0.4289075838214939,thermal_cracking,Watch
2023-06-23,0,0.41521073043758555,thermal_cracking,Watch
2023-06-24,0,0.42815528290534055,thermal_cracking,Watch
2023-06-25,0,0.4371201234968437,thermal_cracking,Watch
2023-06-26,0,0.5080583300062221,thermal_cracking,Watch
2023-06-27,0,0.5137593934552677,thermal_cracking,Watch
2023-06-28,0,0.4992801752916146,thermal_cracking,Watch
2023-06-29,0,0.5315431062434284,thermal_cracking,Watch
2023-06-30,0,0.5351084747319488,thermal_cracking,Watch
2023-07-01,0,0.5241496965927629,thermal_cracking,Watch
2023-07-02,0,0.5359471000059727,thermal_cracking,Watch
2023-07-03,0,0.5688030938724701,thermal_cracking,Watch
2023-07-04,0,0.5928132212969407,thermal_cracking,Alert
2023-07-05,0,0.5815459230490914,thermal_cracking,Watch
2023-07-06,0,0.5617597440212471,thermal_cracking,Alert
2023-07-07,0,0.5119483965198438,thermal_cracking,Watch
2023-07-08,0,0.4678792194330401,thermal_cracking,Watch
2023-07-09,0,0.44652179012800436,thermal_cracking,Watch
2023-07-10,0,0.4946307205199273,thermal_cracking,Alert
2023-07-11,0,0.5067460680269319,thermal_cracking,Watch
2023-07-12,0,0.4643794352707164,thermal_cracking,Watch
2023-07-13,0,0.46234335193782405,thermal_cracking,Watch
2023-07-14,0,0.46671169837067455,thermal_cracking,Alert
2023-07-15,0,0.4966812797104066,thermal_cracking,Alert
2023-07-16,0,0.5085308925308516,thermal_cracking,Alert
2023-07-17,0,0.49565692596086675,thermal_cracking,Alert
2023-07-18,0,0.5135568631762312,thermal_cracking,Alert
2023-07-19,0,0.5216191669080132,thermal_cracking,Alert
2023-07-20,0,0.4926982215989596,thermal_cracking,Alert
2023-07-21,0,0.4933193445430589,thermal_cracking,Alert
2023-07-22,0,0.576901336954096,thermal_cracking,Alert
2023-07-23,0,0.515603903110939,thermal_cracking,Alert
2023-07-24,0,0.4900717325909592,thermal_cracking,Alert
2023-07-25,0,0.4543475988503259,thermal_cracking,Alert
2023-07-26,0,0.44792909936306496,thermal_cracking,Alert
2023-07-27,0,0.45113103953445965,thermal_cracking,Alert
2023-07-28,0,0.515487950535914,thermal_cracking,Alert
2023-07-29,0,0.46954434652793453,thermal_cracking,Alert
2023-07-30,0,0.48783712040133886,thermal_cracking,Watch
2023-07-31,0,0.4374321208907951,thermal_cracking,Alert
2023-08-01,0,0.4123775329213725,thermal_cracking,Watch
2023-08-02,0,0.41863217117453677,thermal_cracking,Alert
2023-08-03,0,0.44054672597319966,thermal_cracking,Watch
2023-08-04,0,0.4492149150608561,thermal_cracking,Watch
2023-08-05,0,0.5002908130139587,thermal_cracking,Alert
2023-08-06,0,0.5147128452632267,thermal_cracking,Alert
2023-08-07,0,0.4709797963519627,thermal_cracking,Watch
2023-08-08,0,0.43673871025058225,thermal_cracking,Watch
2023-08-09,0,0.4073085782165276,thermal_cracking,Alert
2023-08-10,0,0.3975224874556217,thermal_cracking,Watch
2023-08-11,0,0.39107588815568506,thermal_cracking,Alert
2023-08-12,0,0.40877353080322193,thermal_cracking,Alert
2023-08-13,0,0.42705411860899894,thermal_cracking,Watch
2023-08-14,0,0.43586692191191617,thermal_cracking,Watch
2023-08-15,0,0.4168916204654611,thermal_cracking,Watch
2023-08-16,0,0.4306997505103217,thermal_cracking,Watch
2023-08-17,0,0.4085767785826518,thermal_cracking,Watch
2023-08-18,0,0.424053872158405,thermal_cracking,Watch
2023-08-19,0,0.40379353753936936,thermal_cracking,Watch
2023-08-20,0,0.4485655226495425,thermal_cracking,Alert
2023-08-21,0,0.44938882939837804,thermal_cracking,Watch
2023-08-22,0,0.45106674535099284,thermal_cracking,Alert
2023-08-23,0,0.4339608503695174,thermal_cracking,Watch
2023-08-24,0,0.4250780469448189,thermal_cracking,Alert
2023-08-25,0,0.4557146815300747,thermal_cracking,Alert
2023-08-26,0,0.4547199639332217,thermal_cracking,Watch
2023-08-27,0,0.38942478364118843,thermal_cracking,Watch
2023-08-28,0,0.41584209608743433,thermal_cracking,Alert
2023-08-29,0,0.42014061853757134,thermal_cracking,Watch
2023-08-30,0,0.3598961401816588,thermal_cracking,Watch
2023-08-31,0,0.5291525887035131,internal_erosion,Alert
2023-09-01,0,0.49653225367291315,internal_erosion,Watch
2023-09-02,0,0.4618904157774027,internal_erosion,Alert
2023-09-03,0,0.3873257724501704,internal_erosion,Alert
2023-09-04,0,0.34851548468236554,thermal_cracking,Alert
2023-09-05,0,0.4233653006478224,internal_erosion,Watch
2023-09-06,0,0.5571096631355531,internal_erosion,Alert
2023-09-07,0,0.6128802616283661,internal_erosion,Alert
2023-09-08,0,0.6844144806799574,internal_erosion,Alert
2023-09-09,0,0.6166472041334772,internal_erosion,Alert
2023-09-10,0,0.504368144713581,internal_erosion,Alert
2023-09-11,0,0.45777372682397166,internal_erosion,Watch
2023-09-12,0,0.3333829019994915,thermal_cracking,Watch
2023-09-13,0,0.35312455653220903,thermal_cracking,Watch
2023-09-14,0,0.35210429821276246,thermal_cracking,Watch
2023-09-15,0,0.3363483446399076,thermal_cracking,Watch
2023-09-16,0,0.3311550354115514,thermal_cracking,Watch
2023-09-17,0,0.2989677421008077,thermal_cracking,Watch
2023-09-18,0,0.2512286412340369,thermal_cracking,Watch
2023-09-19,0,0.336008755283678,thermal_cracking,Watch
2023-09-20,0,0.3298288527327881,thermal_cracking,Watch
2023-09-21,0,0.3365631540033022,thermal_cracking,Watch
2023-09-22,0,0.3140394098685038,thermal_cracking,Watch
2023-09-23,0,0.2856428044757263,thermal_cracking,Watch
2023-09-24,0,0.2400590436516551,thermal_cracking,Watch
2023-09-25,0,0.2586317626842012,thermal_cracking,Watch
2023-09-26,0,0.24508160587075042,thermal_cracking,Watch
2023-09-27,0,0.18982691208219551,thermal_cracking,Alert
2023-09-28,0,0.18581451005305422,thermal_cracking,Watch
2023-09-29,0,0.18840920217476362,thermal_cracking,Alert
2023-09-30,0,0.1270006484355508,thermal_cracking,Watch
2023-10-01,0,0.08795973760285927,thermal_cracking,Alert
2023-10-02,0,0.09527848697406195,thermal_cracking,Alert
2023-10-03,0,0.08689921244638851,thermal_cracking,Watch
2023-10-04,0,0.12083493281210121,thermal_cracking,Alert
2023-10-05,0,0.13518055759468778,thermal_cracking,Watch
2023-10-06,0,0.15007975106134824,thermal_cracking,Watch
2023-10-07,0,0.11570304294704449,thermal_cracking,Watch
2023-10-08,0,0.2944600043823744,internal_erosion,Watch
2023-10-09,0,0.16480996982941673,internal_erosion,Alert
2023-10-10,0,0.091163871953211,thermal_cracking,Alert
2023-10-11,0,0.062314552038319676,internal_erosion,Watch
2023-10-12,0,0.04126193116212178,thermal_cracking,Alert
2023-10-13,0,0.07643819385773541,thermal_cracking,Watch
2023-10-14,0,0.03938014580860439,thermal_cracking,Watch
2023-10-15,0,0.047352113885980915,internal_erosion,Watch
2023-10-16,0,0.05618305956303398,thermal_cracking,Watch
2023-10-17,0,0.08982703814174593,thermal_cracking,Watch
2023-10-18,0,0.04566782500645377,thermal_cracking,Watch
2023-10-19,0,0.0293759355395787,thermal_cracking,Watch
2023-10-20,0,0.10654524027560357,internal_erosion,Watch
2023-10-21,0,0.07375823019411192,internal_erosion,Watch
2023-10-22,0,0.1941619810786901,internal_erosion,Watch
2023-10-23,0,0.25976374223192045,internal_erosion,Watch
2023-10-24,0,0.3713128253376593,internal_erosion,Alert
2023-10-25,0,0.3158261867167549,internal_erosion,Alert
2023-10-26,0,0.18367768654683714,thermal_cracking,Watch
2023-10-27,0,0.29951379771263953,internal_erosion,Alert
2023-10-28,0,0.46784484971650453,internal_erosion,Alert
2023-10-29,0,0.593365130931229,internal_erosion,Alert
2023-10-30,0,0.9081165921761392,internal_erosion,Alert
2023-10-31,0,0.8970254000443962,internal_erosion,Alert
2023-11-01,0,0.8910397734158613,internal_erosion,Alert
2023-11-02,0,1.0,internal_erosion,Alert
2023-11-03,0,1.0,internal_erosion,Alert
2023-11-04,0,1.0,internal_erosion,Alert
2023-11-05,0,1.0,internal_erosion,Alert
2023-11-06,0,1.0,internal_erosion,Alert
2023-11-07,0,1.0,internal_erosion,Alert
2023-11-08,0,1.0,internal_erosion,Alert
2023-11-09,0,1.0,internal_erosion,Alert
2023-11-10,0,1.0,internal_erosion,Alert
2023-11-11,0,1.0,internal_erosion,Watch
2023-11-12,0,1.0,internal_erosion,Alert
2023-11-13,0,1.0,internal_erosion,Alert
2023-11-14,0,1.0,internal_erosion,Alert
2023-11-15,0,1.0,internal_erosion,Alert
2023-11-16,0,1.0,internal_erosion,Alert
2023-11-17,0,1.0,internal_erosion,Alert
2023-11-18,0,1.0,internal_erosion,Alert
2023-11-19,0,1.0,internal_erosion,Alert
2023-11-20,0,1.0,internal_erosion,Alert
2023-11-21,0,1.0,internal_erosion,Alert
2023-11-22,0,1.0,internal_erosion,Alert
2023-11-23,0,1.0,internal_erosion,Watch
2023-11-24,0,1.0,internal_erosion,Alert
2023-11-25,0,1.0,internal_erosion,Alert
2023-11-26,0,1.0,internal_erosion,Alert
2023-11-27,0,1.0,internal_erosion,Alert
2023-11-28,0,1.0,internal_erosion,Alert
2023-11-29,0,1.0,internal_erosion,Alert
2023-11-30,0,1.0,internal_erosion,Alert
2023-12-01,0,1.0,internal_erosion,Alert
2023-12-02,0,1.0,internal_erosion,Alert
2023-12-03,0,1.0,internal_erosion,Alert
2023-12-04,0,1.0,internal_erosion,Watch
2023-12-05,0,1.0,internal_erosion,Alert
2023-12-06,0,1.0,internal_erosion,Watch
2023-12-07,0,1.0,internal_erosion,Alert
2023-12-08,0,1.0,internal_erosion,Watch
2023-12-09,0,1.0,internal_erosion,Alert
2023-12-10,0,1.0,internal_erosion,Watch
2023-12-11,0,1.0,internal_erosion,Watch
2023-12-12,0,1.0,internal_erosion,Alert
2023-12-13,0,1.0,internal_erosion,Watch
2023-12-14,0,1.0,internal_erosion,Watch
2023-12-15,0,1.0,internal_erosion,Alert
2023-12-16,0,1.0,internal_erosion,Alert
2023-12-17,0,1.0,internal_erosion,Alert
2023-12-18,0,1.0,internal_erosion,Watch
2023-12-19,0,1.0,internal_erosion,Watch
2023-12-20,0,1.0,internal_erosion,Alert
2023-12-21,0,1.0,internal_erosion,Watch
2023-12-22,0,1.0,internal_erosion,Watch
2023-12-23,0,1.0,internal_erosion,Watch
2023-12-24,0,1.0,internal_erosion,Watch
2023-12-25,0,1.0,internal_erosion,Watch
2023-12-26,0,1.0,internal_erosion,Alert
2023-12-27,0,1.0,internal_erosion,Alert
2023-12-28,0,1.0,internal_erosion,Alert
2023-12-29,0,1.0,internal_erosion,Alert
2023-12-30,0,1.0,internal_erosion,Alert
2023-12-31,0,1.0,internal_erosion,Alert
